 {
  "1":{
   "x": 3.46240139008,
   "y": 0.102456927299,
   "z":-0.0199964333815,
   "w": 0.999800051336
 },
 "2":{
   "x": 7.39263343811,
   "y": -1.13057351112,
   "z":-0.222600676915,
   "w": 0.974909707941
 },
 "3":{
   "x": 11.1025791168,
   "y": -2.93771648407,
   "z":-0.172010976599,
   "w": 0.985095032943
 },
 "4":{
   "x": 16.0033073425,
   "y": -3.19870066643,
   "z":0.0221223813127,
   "w": 0.999755270176
 },
 "5":{
   "x": 21.0359916687,
   "y": -2.84149432182,
   "z":-0.0633135166356,
   "w": 0.997993686659
 },
 "6":{
   "x": 25.6719684601,
   "y": -3.2792840004,
   "z":-0.0423412961979,
   "w": 0.999103205198
 },
 "7":{
   "x": 30.9809360504,
   "y": -3.60658311844,
   "z":0.0139088765033,
   "w": 0.999903266899
 },
 "8":{
   "x": 35.1123542786,
   "y": -3.29341125488,
   "z":0.0600768043693,
   "w": 0.998193757532
 },
 "9":{
   "x": 39.3984184265,
   "y": -2.61859560013,
   "z":-0.0788472961387,
   "w": 0.996886705645
 },
 "10":{
   "x": 42.6010360718,
   "y": -3.33908367157,
   "z":-0.514153800897,
   "w": 0.857698005724
 },
 "11":{
   "x": 43.5846939087,
   "y": -6.33375692368,
   "z":-0.716854600137,
   "w": 0.697222692016
 },
 "12":{
   "x": 46.8881759644,
   "y": -4.00705957413,
   "z":0.999321284968,
   "w": 0.0368370657016
 }
}
