{
    "1":{
        "x": -3.61485147476,
        "y": 0.489379882812,
        "z": 0.999779152841,
        "w": -0.0210153644664
      },
    "2":{
        "x": -8.12950515747,
        "y": 3.22581863403,
        "z": 0.976384675684,
        "w": 0.216039267472
      },
    "3":{
        "x": -12.8232584,
        "y": 3.54862618446,
        "z": 0.999972489471,
        "w": -0.00741756710047
      },
    "4": {
        "x": -19.5899600983,
        "y": 3.46952652931,
        "z": 0.999806064455,
        "w": -0.019693488246
      },
    "5":{
        "x": -25.5133247375,
        "y": 3.63609194756,
        "z": 0.996804811277,
        "w": 0.0798759551798
      },
    "6":{
        "x": -31.3388996124,
        "y": 3.5522313118,
        "z": 0.999748738334,
        "w": -0.0224156240228
      },
    "7":{
        "x": -35.3817825317,
        "y": 4.53384685516,
        "z": 0.990305180116,
        "w": 0.138908783864
      },
    "8":{
        "x": -39.6862754822,
        "y": 4.70366287231,
        "z": 0.999830851425,
        "w": 0.0183920781332
      },
    "9":{
        "x": -44.2365112305,
        "y": 6.71637582779,
        "z": 0.715099515516,
        "w": 0.699022662658
      },
    "10":{
        "x": -44.351890564,
        "y": 10.5446662903,
        "z": -2.78375352991E-07,
        "w": 1
      }
}