{
    "1":{
      "x": 8.88077163696,
      "y": -2.94493675232,
      "z": -0.710918828694,
      "w": 0.703274071047
    },
    "2":{
      "x": 9.21969413757,
      "y": -7.21995401382,
      "z": -0.719270431519,
      "w": 0.694730196797
    },
    "3":{
      "x": 9.23618793488,
      "y": -12.2574062347,
      "z": -0.703496912762,
      "w": 0.710698314149
    },
    "4":{
      "x": 9.33478927612,
      "y": -17.6102848053,
      "z": -0.680982517261,
      "w": 0.732299673074
    },
    "5":{
      "x": 9.263048172,
      "y": -17.0992565155,
      "z": 0.697259212041,
      "w": 0.716819078446
    }
}